Phase,Foot_X,Foot_Y,Knee_Angle,Ankle_Angle
0.000000000000000000e+00,3.486304879188537598e-01,-6.688508987426757812e-01,-1.271713733673095703e+00,-4.288847446441650391e-01
1.010101010101010187e-02,3.154070049069232495e-01,-6.731980147220377741e-01,-1.306334776617638083e+00,-4.270594062129653978e-01
2.020202020202020374e-02,2.946512944461718297e-01,-6.903227703015889505e-01,-1.287023751045256459e+00,-4.501524815781308142e-01
3.030303030303030387e-02,2.695017315985030470e-01,-7.112397128121908940e-01,-1.248092940755712421e+00,-5.025976260958596731e-01
4.040404040404040747e-02,2.284130375130921653e-01,-7.320596268499792725e-01,-1.208221162312479446e+00,-5.841499643645169382e-01
5.050505050505051108e-02,1.758771098948637424e-01,-7.594468592269865148e-01,-1.149152204428356194e+00,-6.791202619273047913e-01
6.060606060606060774e-02,1.351719022371971890e-01,-7.680210798593860577e-01,-1.103627936350900507e+00,-7.415824177730326872e-01
7.070707070707071829e-02,1.181979208203201015e-01,-7.422413020116612747e-01,-1.100043376173655441e+00,-7.544434949364946519e-01
8.080808080808081495e-02,9.921044338054814393e-02,-7.231669679617881430e-01,-1.088666148936594968e+00,-7.855736711158438634e-01
9.090909090909091161e-02,6.404524110697942807e-02,-7.522188720681626251e-01,-9.836284195410283093e-01,-9.014746381966429745e-01
1.010101010101010222e-01,2.332534600086720242e-02,-8.095662970659144309e-01,-8.103485725538606133e-01,-1.065182137697735065e+00
1.111111111111111188e-01,1.691710133831796255e-03,-8.222229878072080389e-01,-7.098524082607930996e-01,-1.152877613847809624e+00
1.212121212121212155e-01,-2.013207101940406654e-02,-8.270387058767837418e-01,-6.150155383617575966e-01,-1.235488906605944681e+00
1.313131313131313260e-01,-4.396843179049487321e-02,-8.524802178963580834e-01,-5.112562315648986333e-01,-1.327200416648455228e+00
1.414141414141414366e-01,-5.686822444803384113e-02,-8.873590561411425215e-01,-4.562177346402000455e-01,-1.374909627967034753e+00
1.515151515151515194e-01,-8.543295072526602141e-02,-9.187067285480896572e-01,-3.998828951645131413e-01,-1.444470832487861678e+00
1.616161616161616299e-01,-1.190345588692329204e-01,-9.373482264103565331e-01,-3.356678222776015574e-01,-1.521734206313628324e+00
1.717171717171717404e-01,-1.377143582122833942e-01,-9.460971693938431404e-01,-2.876674680735993861e-01,-1.562877756123782769e+00
1.818181818181818232e-01,-1.614383516245423422e-01,-9.632237462485563340e-01,-2.508489571630663773e-01,-1.603956515081543355e+00
1.919191919191919338e-01,-1.765837040543217495e-01,-9.740872094051922225e-01,-2.092965053511612605e-01,-1.643405985650220558e+00
2.020202020202020443e-01,-1.743027304615576423e-01,-9.707174003016069141e-01,-1.590920882994517338e-01,-1.670068935573255864e+00
2.121212121212121271e-01,-1.764998631305958743e-01,-9.770077781526617100e-01,-1.172927129318956513e-01,-1.691313487752735378e+00
2.222222222222222376e-01,-1.858446746216904644e-01,-1.002363604099302474e+00,-9.172298067622804141e-02,-1.708431712654949752e+00
2.323232323232323482e-01,-1.942969095601267127e-01,-1.029508335035240307e+00,-8.556619069851302550e-02,-1.716346296666611426e+00
2.424242424242424310e-01,-1.947920540659294764e-01,-1.032462705015559701e+00,-9.023272208860480537e-02,-1.714204101314404038e+00
2.525252525252525415e-01,-1.957834614783651450e-01,-1.031124313160175943e+00,-6.528951889702917788e-02,-1.726826357072691831e+00
2.626262626262626521e-01,-1.933562880102425996e-01,-1.030500292909825477e+00,-4.342063010273161661e-02,-1.734480785603770503e+00
2.727272727272727626e-01,-1.819461330436409896e-01,-1.026108159983768919e+00,-6.638036669957710079e-02,-1.712931625588266060e+00
2.828282828282828731e-01,-1.775064513609613259e-01,-1.033609654170050796e+00,-6.333992423346793132e-02,-1.710097970495781716e+00
2.929292929292929282e-01,-1.701682898084289353e-01,-1.046252093960467366e+00,-4.742695598421783898e-02,-1.710074625475689780e+00
3.030303030303030387e-01,-1.538143147695225921e-01,-1.050475647657844958e+00,-5.603688613910010052e-02,-1.689860725125911456e+00
3.131313131313131493e-01,-1.484800456829918069e-01,-1.046915349296980491e+00,-7.267236078444419545e-02,-1.677160048300295081e+00
3.232323232323232598e-01,-1.398119626302201934e-01,-1.052237314370780163e+00,-5.622650701309625521e-02,-1.676286303032433311e+00
3.333333333333333703e-01,-1.244242638349532526e-01,-1.062051057815551758e+00,-2.480769157409663805e-02,-1.675596237182617188e+00
3.434343434343434809e-01,-1.195135508770004684e-01,-1.054123674136178357e+00,-3.772080576958641157e-02,-1.665473362025196025e+00
3.535353535353535914e-01,-1.092124460538428377e-01,-1.057738943634688900e+00,-1.213713549931214920e-02,-1.668159226923578320e+00
3.636363636363636465e-01,-9.613956032030590571e-02,-1.071708173011343579e+00,4.573569056178140163e-02,-1.682869868505568078e+00
3.737373737373737570e-01,-9.265637595337317123e-02,-1.070265770318412191e+00,5.756042921357597264e-02,-1.685490954190276724e+00
3.838383838383838675e-01,-7.793513467807502981e-02,-1.061972756118290784e+00,3.875498136340036620e-02,-1.663029947877700865e+00
3.939393939393939781e-01,-5.528854395682778616e-02,-1.064517758733292130e+00,2.648161007393175573e-02,-1.635784635764484074e+00
4.040404040404040886e-01,-3.994042755781706394e-02,-1.079340591340181232e+00,3.827429698506360639e-02,-1.626563776929104366e+00
4.141414141414141992e-01,-3.395755035266553867e-02,-1.079025488314968362e+00,5.119708557061068699e-02,-1.627018031571814127e+00
4.242424242424242542e-01,-2.715702001748920846e-02,-1.069855628655016710e+00,5.719972709716304032e-02,-1.624201009298072096e+00
4.343434343434343647e-01,-1.568990178489184165e-02,-1.066306042967268830e+00,5.763673094392594148e-02,-1.614695007112731728e+00
4.444444444444444753e-01,-6.365194343531184636e-03,-1.071337101106708545e+00,5.631377817399042113e-02,-1.605636845200791640e+00
4.545454545454545858e-01,1.024259240312863813e-02,-1.079728160976078488e+00,5.977701399354447276e-02,-1.592116182078687325e+00
4.646464646464646964e-01,3.259380198785678806e-02,-1.079168408389916456e+00,5.368158779600392533e-02,-1.568223283470621343e+00
4.747474747474748069e-01,4.921372607628813484e-02,-1.064417395008346201e+00,2.081596318675961454e-02,-1.535361714509221986e+00
4.848484848484848619e-01,6.333738599684569925e-02,-1.063514634669393333e+00,-2.357183410447278703e-03,-1.510149546924014929e+00
4.949494949494949725e-01,6.934446019160063479e-02,-1.074302518296071263e+00,2.249222101467373766e-02,-1.517931734593720883e+00
5.050505050505050830e-01,6.324797605475700191e-02,-1.079428417731394862e+00,7.700190906937241786e-02,-1.552475168080529322e+00
5.151515151515152491e-01,5.994169217834180441e-02,-1.082236655527498925e+00,5.643764022085871745e-02,-1.544968580295358329e+00
5.252525252525253041e-01,6.428663967878858743e-02,-1.090987712142622135e+00,1.420465614250563009e-02,-1.519336977420924661e+00
5.353535353535353591e-01,7.004320126465832241e-02,-1.099396197174579370e+00,9.819204594634013683e-03,-1.512255196206853558e+00
5.454545454545455252e-01,6.866580381271593370e-02,-1.086786128275011309e+00,4.031359248923322910e-03,-1.509824914237153815e+00
5.555555555555555802e-01,7.815657389113844777e-02,-1.076508908456390801e+00,1.612755632021157029e-02,-1.506883087739198546e+00
5.656565656565657463e-01,9.527938210503382466e-02,-1.075438864901963054e+00,4.962023776340538511e-02,-1.508762117299995431e+00
5.757575757575758013e-01,9.634446733640616989e-02,-1.066663871062208724e+00,6.155639656665914949e-02,-1.513740303309999202e+00
5.858585858585858563e-01,9.635351767729993799e-02,-1.064213615292283865e+00,-4.055903299416650787e-03,-1.478373726859856463e+00
5.959595959595960224e-01,1.047393572585631760e-01,-1.061785859984869074e+00,-6.118018168645257548e-02,-1.439449767279787684e+00
6.060606060606060774e-01,1.161795623497842711e-01,-1.047921265055777651e+00,-1.547218057625566676e-02,-1.452002342399622226e+00
6.161616161616162435e-01,1.184876586705789492e-01,-1.045333310859779541e+00,3.146034120060236736e-03,-1.459619963887255567e+00
6.262626262626262985e-01,1.200400098598783938e-01,-1.051499002849108688e+00,-2.969670452123850286e-03,-1.455544792868456838e+00
6.363636363636364646e-01,1.259953396264792136e-01,-1.056760468778143558e+00,7.786600369848446432e-03,-1.456388345037114007e+00
6.464646464646465196e-01,1.217362512939813707e-01,-1.066169931147673555e+00,1.885500066446482237e-03,-1.458046635970665417e+00
6.565656565656565746e-01,1.202344819071593518e-01,-1.081686924921967830e+00,-1.178488884260212727e-02,-1.453774866501084562e+00
6.666666666666667407e-01,1.281920969486237682e-01,-1.091105341911315918e+00,-1.367974281311027003e-02,-1.446607351303100808e+00
6.767676767676767957e-01,1.344370624667539094e-01,-1.076604637391544328e+00,-2.660176750828628211e-03,-1.445196918806634923e+00
6.868686868686869618e-01,1.378086732480268972e-01,-1.056200769718979915e+00,-9.464027761312557990e-03,-1.435862286294930401e+00
6.969696969696970168e-01,1.367825495930745372e-01,-1.044529650755877448e+00,3.467861406667478805e-03,-1.442542435364724485e+00
7.070707070707071829e-01,1.315893898743791535e-01,-1.037951346771371020e+00,6.571941782490746398e-02,-1.480869448833284086e+00
7.171717171717172379e-01,1.335088830661645964e-01,-1.017016987927359839e+00,3.499145726235033255e-02,-1.459413704222493946e+00
7.272727272727272929e-01,1.450574313272743332e-01,-1.011192935503478996e+00,-1.657206498250434010e-03,-1.427505138062383327e+00
7.373737373737374590e-01,1.574604434634351013e-01,-1.037937953713665040e+00,4.831487115016072642e-02,-1.446653620860251843e+00
7.474747474747475140e-01,1.558935500902555171e-01,-1.042573408835752113e+00,2.930804949792593928e-02,-1.438324766581305703e+00
7.575757575757576801e-01,1.462845312834092359e-01,-1.025587089073146441e+00,1.451584471348356734e-03,-1.429968393680862260e+00
7.676767676767677351e-01,1.419865584231851663e-01,-1.012181692483782980e+00,1.467806797904626370e-02,-1.439672991871013163e+00
7.777777777777777901e-01,1.491286357924582195e-01,-1.015025827259693036e+00,-7.584725910109194232e-03,-1.421137221534369388e+00
7.878787878787879562e-01,1.518536555358673268e-01,-1.003631767333346581e+00,-3.870184285276104946e-02,-1.399100591584363729e+00
7.979797979797980112e-01,1.526433530304520392e-01,-9.778101859456406197e-01,-4.795023827394469945e-02,-1.388270585439237204e+00
8.080808080808081773e-01,1.654137051297302208e-01,-9.653711986550210788e-01,-3.468778713802347230e-02,-1.380795678439741714e+00
8.181818181818182323e-01,1.701869403105162881e-01,-9.572129537909018770e-01,-9.082815250631344831e-03,-1.389508901076050629e+00
8.282828282828283983e-01,1.706846658100262260e-01,-9.472243165215517013e-01,1.020220715166670657e-02,-1.398537776033267122e+00
8.383838383838384534e-01,1.775744166804461566e-01,-9.417208357786361894e-01,1.225477851391710941e-02,-1.391795825699481570e+00
8.484848484848485084e-01,1.756527925127484291e-01,-9.533281731329830144e-01,8.161067780848890035e-03,-1.393556045941005239e+00
8.585858585858586745e-01,1.701883119600084704e-01,-9.558946027513405275e-01,-1.864426352772173903e-02,-1.383172539417674818e+00
8.686868686868687295e-01,1.721803703522556683e-01,-9.350479385115814113e-01,-5.276764708294706674e-02,-1.356097050629561096e+00
8.787878787878788955e-01,1.785568241109816157e-01,-9.185713449640600103e-01,-3.283566792174261173e-02,-1.358444151500088903e+00
8.888888888888889506e-01,1.585916878230697880e-01,-9.170509777913540272e-01,-1.335474607679005415e-02,-1.391232650501926127e+00
8.989898989898991166e-01,1.284312061707133246e-01,-9.209675080000401248e-01,-1.510768094226101407e-02,-1.422774245791855074e+00
9.090909090909091717e-01,1.344332225660360425e-01,-9.109487750765793423e-01,2.398422947165725939e-03,-1.425747103887178291e+00
9.191919191919192267e-01,1.270500261123035379e-01,-8.836083932867325741e-01,2.114881419480542368e-02,-1.442956560870406468e+00
9.292929292929293927e-01,9.833542589170231329e-02,-8.553743805331306405e-01,-2.307194115654953581e-02,-1.440103837175481738e+00
9.393939393939394478e-01,7.467544099106479538e-02,-8.434702340210038507e-01,-9.835985119104445618e-02,-1.412422325531258682e+00
9.494949494949496138e-01,5.112727262940632011e-02,-8.391028348988671670e-01,6.011533383956129545e-02,-1.552862513320569793e+00
9.595959595959596689e-01,2.863835650761570664e-02,-8.426058210849721730e-01,2.427491853536092037e-01,-1.712487860484681379e+00
9.696969696969697239e-01,1.080398349776810936e-02,-8.492690415283595806e-01,2.364378614071090956e-01,-1.734944461863581644e+00
9.797979797979798899e-01,-3.304033885845305586e-03,-8.398737056721993222e-01,2.448334398252568489e-01,-1.760632256629354186e+00
9.898989898989899450e-01,-1.116659326237439895e-02,-8.274888327407425859e-01,2.908923995138805729e-01,-1.802593229793296281e+00
1.000000000000000000e+00,-8.813195861876010895e-03,-8.377688527107238770e-01,3.150978088378906250e-01,-1.815630674362182617e+00
